x,y,label
0.25873,-0.61507,1.00000
0.21891,-0.80950,0.00000
0.55147,0.01034,0.00000
0.26943,-0.37453,0.00000
0.15665,-0.83729,0.00000
0.33266,0.05349,1.00000
-0.88047,0.33590,1.00000
0.23173,-0.38290,0.00000
-0.59610,-0.55203,0.00000
-0.30751,0.38577,1.00000
-0.26230,-0.29283,0.00000
-0.41562,0.56416,0.00000
-0.31283,-0.18843,0.00000
0.37674,-0.55092,1.00000
-0.11913,0.86329,1.00000
-0.13020,0.40809,1.00000
0.64788,-0.58503,0.00000
-0.43188,0.49165,0.00000
-0.89020,0.17670,1.00000
-0.82013,0.33357,1.00000
0.53171,-0.41819,1.00000
-0.92127,0.09361,1.00000
0.44187,0.24452,0.00000
0.94799,-0.07260,0.00000
0.42260,-0.29791,0.00000
-0.43732,-0.68392,0.00000
-0.44180,0.73323,1.00000
-0.41923,0.53984,0.00000
0.12623,-0.46789,0.00000
0.00590,0.44351,1.00000
-0.64931,0.20370,0.00000
-0.24901,0.41747,1.00000
-0.65645,-0.38224,0.00000
-0.23233,0.35966,1.00000
-0.34016,0.60311,0.00000
0.68959,-0.49437,0.00000
0.25545,0.09763,1.00000
-0.53196,0.07436,1.00000
0.21930,0.82475,1.00000
0.21524,-0.15149,1.00000
0.35251,-0.77371,0.00000
-0.05216,-0.83426,0.00000
-0.20096,0.68921,0.00000
-0.13143,0.18559,0.00000
-0.10993,0.58309,0.00000
-0.48630,0.11576,1.00000
-0.32330,0.06770,0.00000
0.48181,0.63735,1.00000
-0.65733,-0.47913,0.00000
0.01751,-0.83597,0.00000
0.37614,-0.72907,0.00000
0.40351,-0.81964,0.00000
0.03977,-0.45363,0.00000
0.95959,-0.16512,0.00000
0.47914,-0.75577,0.00000
-0.36538,0.32777,1.00000
-0.48141,-0.30162,1.00000
-0.33128,-0.04504,0.00000
0.83434,-0.32284,0.00000
0.93551,-0.20401,0.00000
0.16099,0.59231,0.00000
0.32402,-0.82336,0.00000
-0.23949,0.38495,1.00000
-0.65891,0.34675,0.00000
-0.34815,-0.18960,0.00000
0.49960,-0.71621,0.00000
0.16090,-0.67638,1.00000
0.50171,-0.07073,0.00000
0.30449,0.17004,1.00000
0.23910,0.33227,1.00000
-0.18358,0.25384,0.00000
-0.14849,0.15082,0.00000
0.52817,-0.42377,1.00000
0.37461,-0.29950,0.00000
-0.34368,0.77274,1.00000
0.68585,-0.53791,0.00000
0.11761,-0.65987,1.00000
0.85060,-0.25524,0.00000
-0.23615,0.64981,0.00000
-0.66381,-0.33834,0.00000
0.65006,-0.30750,1.00000
-0.55883,-0.16963,1.00000
0.22581,0.80217,1.00000
-0.45310,-0.72595,0.00000
0.11066,-0.26477,1.00000
-0.25502,-0.51992,1.00000
0.66500,0.44353,1.00000
-0.15412,-0.86856,0.00000
0.02952,-0.84666,0.00000
-0.61809,0.63049,1.00000
-0.45691,-0.28098,1.00000
-0.06840,0.84832,1.00000
0.54474,-0.46791,1.00000
0.73803,-0.10273,1.00000
0.28327,-0.80599,0.00000
-0.33331,-0.10424,0.00000
-0.51696,-0.07006,1.00000
0.30642,0.75034,1.00000
0.11208,0.81860,1.00000
-0.06950,-0.43770,0.00000
-0.48977,-0.23749,1.00000
0.08036,-0.48371,0.00000
0.58553,0.56379,1.00000
-0.66137,-0.36617,0.00000
0.26214,0.24281,1.00000
-0.52308,-0.18094,1.00000
-0.28173,-0.57442,1.00000
-0.07401,-0.90913,0.00000
0.10141,0.31490,1.00000
-0.79748,0.02535,0.00000
-0.23785,0.57007,0.00000
0.53586,-0.18805,0.00000
0.72828,-0.01709,1.00000
0.03345,0.18570,0.00000
0.09739,-0.81041,0.00000
-0.22691,0.86415,1.00000
0.82217,-0.33194,0.00000
0.42991,-0.54834,1.00000
0.64402,-0.58615,0.00000
0.47346,0.70011,1.00000
-0.22239,0.63841,0.00000
-0.16284,0.90503,1.00000
0.29580,-0.80386,0.00000
-0.09159,-0.44142,0.00000
0.03905,0.83019,1.00000
-0.66582,-0.36843,0.00000
-0.15077,0.40944,1.00000
-0.14018,0.66887,0.00000
-0.58412,0.65552,1.00000
0.35438,-0.36495,0.00000
0.14685,-0.23026,1.00000
-0.38589,0.28010,1.00000
-0.02280,-0.89316,0.00000
-0.11825,-0.32105,0.00000
0.31166,-0.37524,0.00000
0.76121,-0.31646,0.00000
0.28927,-0.61390,1.00000
0.31169,-0.28700,0.00000
0.25406,0.23710,1.00000
0.11113,-0.46701,0.00000
0.14389,-0.38361,0.00000
-0.61832,-0.47872,0.00000
-0.36572,0.57967,0.00000
-0.11707,0.40217,1.00000
0.01857,-0.84870,0.00000
0.51948,0.28346,0.00000
0.41265,0.36174,0.00000
-0.23174,-0.59264,1.00000
-0.90785,0.34851,1.00000
0.16407,0.37069,1.00000
-0.27750,0.60632,0.00000
-0.96660,0.08398,1.00000
-0.48010,0.54909,0.00000
0.36573,-0.36348,0.00000
-0.22303,-0.54244,1.00000
-0.73456,0.39579,1.00000
0.46099,-0.14010,0.00000
0.23597,0.82914,1.00000
-0.77484,0.32748,1.00000
0.36538,0.05670,1.00000
0.12044,-0.37816,0.00000
-0.45622,0.57153,0.00000
-0.61714,0.69612,1.00000
-0.89565,0.32286,1.00000
0.57646,0.11225,0.00000
-0.34486,0.31209,1.00000
-0.34147,-0.18226,0.00000
-0.06609,0.37521,1.00000
-0.69715,0.59411,1.00000
-0.70984,0.15320,0.00000
0.52023,-0.03838,0.00000
-0.42966,-0.66061,0.00000
-0.49582,-0.59299,0.00000
-0.48316,0.55699,0.00000
-0.21320,-0.82787,0.00000
-0.72907,0.10267,0.00000
0.86494,-0.40505,0.00000
0.77367,0.16208,1.00000
0.71532,0.42684,1.00000
-0.88987,0.18206,1.00000
0.11023,0.62365,0.00000
-0.09992,-0.40004,0.00000
0.51341,0.24560,0.00000
0.00774,-0.56554,1.00000
0.70230,-0.08186,1.00000
0.51238,0.14538,0.00000
0.64502,0.31717,1.00000
-0.61652,0.27719,0.00000
0.19256,-0.83955,0.00000
0.53391,0.58928,1.00000
0.48065,-0.15795,0.00000
0.87950,-0.11950,0.00000
0.78821,-0.00432,1.00000
-0.52379,-0.64731,0.00000
-0.26875,0.36888,1.00000
0.78658,-0.08305,1.00000
0.81981,-0.35067,0.00000
-0.38091,0.70009,1.00000
-0.14816,0.40185,1.00000
0.87174,-0.31979,0.00000
-0.45763,0.48719,0.00000
0.72288,0.20648,1.00000
-0.86313,0.24321,1.00000
0.27920,0.82732,1.00000
-0.43856,-0.35016,1.00000
-0.69650,0.01157,0.00000
-0.50078,-0.05134,1.00000
-0.19763,-0.53318,1.00000
-0.16196,-0.88590,0.00000
-0.68793,-0.27596,0.00000
-0.54528,-0.56168,0.00000
-0.56673,0.39313,0.00000
0.16536,-0.63837,1.00000
-0.49271,-0.60096,0.00000
0.18136,0.36955,1.00000
-0.41906,-0.71181,0.00000
0.28550,0.50985,0.00000
0.18590,-0.61459,1.00000
-0.36810,0.31990,1.00000
-0.62348,0.39571,0.00000
0.20124,-0.11578,1.00000
-0.09560,0.24847,0.00000
0.52445,0.19152,0.00000
-0.31676,-0.83786,0.00000
0.32565,-0.04655,1.00000
0.23303,0.57123,0.00000
0.74841,-0.08327,1.00000
0.11638,0.39603,1.00000
-0.21999,0.39277,1.00000
-0.38620,0.27983,1.00000
-0.37807,0.78530,1.00000
-0.53820,0.66348,1.00000
-0.63974,-0.32247,0.00000
-0.31701,0.76607,1.00000
0.37756,-0.31957,0.00000
-0.81911,0.45934,1.00000
-0.30733,-0.77736,0.00000
-0.34314,-0.37957,1.00000
0.17359,-0.34629,0.00000
0.60299,-0.47103,1.00000
-0.83985,0.42417,1.00000
0.28157,0.51462,0.00000
0.77997,-0.30506,0.00000
-0.03059,0.63106,0.00000
-0.34908,-0.76158,0.00000
-0.41133,-0.42282,1.00000
0.25386,-0.63967,1.00000
-0.09191,-0.77047,0.00000
0.06007,0.39406,1.00000
0.09406,0.43207,1.00000
-0.52550,-0.15191,1.00000
0.80797,0.17337,1.00000
-0.77402,0.36350,1.00000
-0.51740,0.50173,0.00000
0.49823,0.22580,0.00000
-0.07392,0.65316,0.00000
0.20247,-0.85277,0.00000
0.74068,-0.49247,0.00000
-0.81950,0.24207,1.00000
-0.29758,-0.75679,0.00000
-0.81255,0.49197,1.00000
-0.67861,0.47849,1.00000
0.49392,0.59868,1.00000
0.29455,-0.36549,0.00000
-0.52649,-0.17024,1.00000
0.13163,-0.87279,0.00000
0.27262,0.19447,1.00000
0.25816,0.76360,1.00000
-0.58788,-0.43976,0.00000
-0.48616,0.47577,0.00000
0.41134,0.40454,0.00000
0.69999,0.27707,1.00000
-0.44184,0.74977,1.00000
0.10841,0.40415,1.00000
-0.62771,0.32405,0.00000
0.13382,0.35446,1.00000
0.48084,0.35560,0.00000
0.73713,-0.17665,1.00000
0.32429,-0.53198,1.00000
-0.16360,0.80131,1.00000
-0.38476,0.53683,0.00000
-0.40229,0.32864,1.00000
-0.30647,-0.09914,0.00000
-0.72259,0.47021,1.00000
-0.71125,-0.34288,0.00000
0.12262,0.61253,0.00000
-0.10937,0.65986,0.00000
-0.50108,0.04547,1.00000
0.69054,-0.17629,1.00000
0.32161,0.46440,0.00000
0.33954,0.46064,0.00000
-0.56947,0.67098,1.00000
-0.38760,-0.37451,1.00000
0.71766,-0.01053,1.00000
0.55291,0.21638,0.00000
-0.46287,-0.25535,1.00000
-0.22703,-0.29185,0.00000
-0.69763,0.16797,0.00000
-0.26979,0.82246,1.00000
0.20710,-0.14733,1.00000
0.64393,0.03904,0.00000
0.83628,-0.26179,0.00000
-0.12377,0.90399,1.00000
0.82230,-0.36541,0.00000
-0.01759,0.39908,1.00000
-0.09407,0.82210,1.00000
-0.30671,-0.43546,1.00000
-0.37457,0.60558,0.00000
0.51404,0.02990,0.00000
-0.70825,-0.11638,0.00000
-0.75452,0.15205,0.00000
0.92391,-0.23166,0.00000
-0.37502,0.24566,1.00000
0.75367,0.06647,1.00000
0.29646,0.16790,1.00000
-0.26414,-0.76905,0.00000
-0.78396,0.44150,1.00000
-0.51374,-0.31681,1.00000
0.15179,0.56161,0.00000
0.32463,0.15909,1.00000
-0.13712,-0.65287,1.00000
-0.55160,-0.52468,0.00000
0.37850,-0.33467,0.00000
-0.50981,0.02867,1.00000
0.33660,0.50458,0.00000
0.63068,-0.62281,0.00000
0.17184,-0.82785,0.00000
-0.19132,0.64291,0.00000
-0.33831,0.24218,1.00000
-0.67393,0.26520,0.00000
-0.06618,-0.15478,1.00000
0.23174,0.57195,0.00000
-0.28157,-0.54903,1.00000
0.17039,0.60852,0.00000
-0.79668,0.28733,1.00000
0.32639,0.03695,1.00000
0.60288,0.48675,1.00000
0.68899,0.38359,1.00000
-0.39739,0.62814,0.00000
0.70107,0.39945,1.00000
0.16026,-0.46417,0.00000
-0.29832,0.79057,1.00000
-0.74738,-0.17056,0.00000
-0.18151,0.17929,0.00000
-0.03857,-0.62287,1.00000
0.09947,0.63360,0.00000
-0.50280,0.40243,0.00000
-0.35979,0.54697,0.00000
-0.06822,-0.26192,1.00000
0.69112,-0.56926,0.00000
-0.20879,0.81775,1.00000
0.55136,0.58946,1.00000
-0.13577,-0.63504,1.00000
0.22352,-0.38017,0.00000
-0.00647,-0.59155,1.00000
0.70775,0.30857,1.00000
0.83259,-0.21042,0.00000
-0.39530,-0.35407,1.00000
-0.84950,0.41807,1.00000
-0.19010,0.19575,0.00000
-0.46661,-0.68571,0.00000
-0.06843,-0.42000,0.00000
0.03259,-0.25877,1.00000
0.22142,0.79944,1.00000
-0.10975,-0.84093,0.00000
0.53234,-0.38378,1.00000
-0.15757,0.92784,1.00000
0.08473,-0.87548,0.00000
0.47673,-0.69927,0.00000
0.62262,-0.31649,1.00000
-0.69880,0.26858,0.00000
-0.44909,0.51069,0.00000
-0.12066,-0.88466,0.00000
0.12331,0.34305,1.00000
0.19064,-0.36966,0.00000
-0.11521,0.21920,0.00000
-0.19362,-0.38870,0.00000
0.50509,-0.44623,1.00000
0.74732,-0.09977,1.00000
-0.56623,0.67763,1.00000
0.17248,-0.20693,1.00000
0.11677,-0.68016,1.00000
-0.11526,0.17631,0.00000
-0.42999,0.32035,1.00000
0.12993,-0.86485,0.00000
0.71079,0.28200,1.00000
-0.62547,0.62647,1.00000
0.26525,-0.15877,1.00000
-0.21971,-0.29118,0.00000
-0.10120,-0.91798,0.00000
-0.03465,-0.42501,0.00000
0.73990,0.31279,1.00000
-0.80764,0.34362,1.00000
0.52080,0.03051,0.00000
-0.78921,-0.17709,0.00000
-0.43876,-0.25534,1.00000
-0.67089,-0.44657,0.00000
-0.69879,0.47007,1.00000
0.24954,-0.82588,0.00000
-0.73113,0.16081,0.00000
-0.63707,-0.42542,0.00000
-0.29620,-0.71686,0.00000
0.24304,-0.63344,1.00000
-0.89778,0.20114,1.00000
0.15602,-0.86950,0.00000
-0.01802,-0.58221,1.00000
-0.89278,0.08372,1.00000
-0.44606,-0.19243,1.00000
0.43491,0.63371,1.00000
0.55682,-0.48753,1.00000
-0.33393,-0.78039,0.00000
0.74533,0.31582,1.00000
0.46680,-0.51059,1.00000
0.21429,-0.66602,1.00000
-0.51861,0.45379,0.00000
0.93264,-0.21179,0.00000
-0.60216,0.65659,1.00000
0.19147,0.35683,1.00000
0.28758,0.03463,1.00000
0.31945,-0.54457,1.00000
-0.57636,0.39281,0.00000
-0.29801,-0.04235,0.00000
-0.11817,-0.60965,1.00000
0.31640,0.16217,1.00000
0.03329,-0.89055,0.00000
-0.08921,0.87775,1.00000
-0.46377,-0.21406,1.00000
-0.33302,-0.71726,0.00000
-0.55186,-0.17848,1.00000
0.65728,-0.19669,1.00000
-0.85489,0.34653,1.00000
0.30517,-0.60300,1.00000
0.49071,-0.19987,0.00000
0.13874,0.10644,0.00000
-0.56217,0.67153,1.00000
0.26957,0.21608,1.00000
-0.00675,0.44626,1.00000
-0.69090,0.60589,1.00000
-0.19057,0.88877,1.00000
-0.48283,-0.64602,0.00000
-0.49906,0.43270,0.00000
-0.46859,0.20036,1.00000
-0.10773,-0.38018,0.00000
-0.49204,0.73087,1.00000
0.39870,0.47091,0.00000
0.11109,-0.47553,0.00000
0.10654,-0.86262,0.00000
-0.58145,0.63022,1.00000
0.21633,-0.54425,1.00000
0.01103,-0.83663,0.00000
0.09239,-0.64386,1.00000
0.26909,-0.42575,0.00000
0.35524,-0.32711,0.00000
-0.31004,0.78805,1.00000
-0.44917,0.78423,1.00000
0.04936,0.59033,0.00000
-0.69502,-0.17996,0.00000
-0.47168,0.16296,1.00000
0.95309,-0.18816,0.00000
0.51321,-0.00905,0.00000
-0.80091,0.35405,1.00000
-0.17142,0.67848,0.00000
-0.82556,0.35336,1.00000
-0.49585,0.06236,1.00000
0.63124,0.42576,1.00000
-0.25187,-0.78327,0.00000
-0.15176,0.37829,1.00000
-0.07551,0.20980,0.00000
-0.48593,-0.23403,1.00000
0.80200,-0.41409,0.00000
-0.55155,-0.61986,0.00000
-0.73623,0.09518,0.00000
0.49455,0.62389,1.00000
-0.84746,0.25366,1.00000
0.45595,-0.29110,0.00000
-0.38499,0.53079,0.00000
-0.73413,0.14007,0.00000
0.29409,0.56467,0.00000
0.10367,0.80646,1.00000
-0.49398,0.04020,1.00000
0.66463,0.37016,1.00000
-0.12253,-0.34186,0.00000
0.79280,-0.41911,0.00000
0.14695,0.33638,1.00000
-0.58248,-0.61556,0.00000
-0.32896,0.78281,1.00000
-0.44650,-0.67983,0.00000
0.54406,-0.00343,0.00000
0.65840,0.53277,1.00000
-0.30454,0.11992,0.00000
-0.67936,-0.26989,0.00000
-0.39833,0.79001,1.00000
0.58877,-0.59992,0.00000
-0.47394,0.73692,1.00000
-0.21458,0.39440,1.00000
-0.27338,0.79155,1.00000
-0.77914,-0.02981,0.00000
0.01750,0.59132,0.00000
-0.24612,0.81353,1.00000
0.83318,-0.36376,0.00000
0.67047,-0.67884,0.00000
-0.70541,0.11709,0.00000
-0.88720,0.15581,1.00000
-0.34445,0.30075,1.00000
-0.26614,0.85170,1.00000
-0.57697,-0.49479,0.00000
0.24503,0.73202,1.00000
-0.64129,-0.43212,0.00000
-0.46504,-0.30844,1.00000
0.45317,-0.16838,0.00000
0.05282,0.43251,1.00000
-0.46609,-0.65530,0.00000
0.39655,0.45060,0.00000
-0.36746,-0.48163,1.00000
-0.91441,-0.01449,1.00000
0.89497,-0.27330,0.00000
-0.84335,0.31382,1.00000
-0.72380,0.10335,0.00000
-0.21802,0.88745,1.00000
-0.33427,0.33424,1.00000
0.62345,-0.26396,1.00000
-0.71235,-0.31515,0.00000
0.47230,0.64906,1.00000
0.31458,0.50021,0.00000
-0.19286,-0.81151,0.00000
0.42005,0.36829,0.00000
-0.38371,0.32328,1.00000
0.56319,0.53777,1.00000
-0.50688,-0.03470,1.00000
0.39241,-0.26692,0.00000
-0.41421,-0.35773,1.00000
-0.54628,-0.49405,0.00000
0.42673,-0.57144,1.00000
0.31938,-0.67361,1.00000
0.21005,-0.14910,1.00000
-0.63173,0.36540,0.00000
0.50308,0.61517,1.00000
-0.23442,0.64127,0.00000
-0.07393,-0.76966,0.00000
-0.44020,0.58494,0.00000
-0.94700,0.00649,1.00000
0.49469,0.09538,0.00000
0.12045,-0.84857,0.00000
0.44887,-0.53746,1.00000
-0.32435,-0.49860,1.00000
-0.34446,0.33237,1.00000
-0.09642,-0.37943,0.00000
0.03870,0.36299,1.00000
-0.49084,-0.18366,1.00000
-0.73259,0.07607,0.00000
0.28235,0.31313,1.00000
0.12078,0.87835,1.00000
0.80415,-0.46428,0.00000
0.61427,0.55757,1.00000
0.09797,-0.22555,1.00000
0.73295,-0.60539,0.00000
0.74072,-0.58929,0.00000
0.67023,0.36909,1.00000
-0.73405,-0.00356,0.00000
-0.79574,0.51847,1.00000
0.73142,-0.45386,0.00000
-0.41054,-0.39033,1.00000
0.41422,0.60589,1.00000
0.10205,-0.89010,0.00000
-0.42159,-0.68581,0.00000
-0.47982,-0.64232,0.00000
-0.73816,0.06244,0.00000
-0.70206,-0.28490,0.00000
-0.58968,-0.56220,0.00000
0.71053,-0.56823,0.00000
-0.79577,-0.24817,0.00000
0.90251,-0.23657,0.00000
-0.75516,0.04196,0.00000
-0.10021,0.86045,1.00000
-0.02912,0.25207,0.00000
-0.70858,-0.08480,0.00000
0.85516,-0.32853,0.00000
-0.20499,0.40288,1.00000
-0.54972,0.63166,1.00000
0.21428,-0.40175,0.00000
0.45947,0.64674,1.00000
-0.26278,0.40866,1.00000
-0.30220,-0.21456,0.00000
0.12292,-0.83729,0.00000
-0.14774,0.09447,0.00000
-0.74594,-0.16185,0.00000
0.45005,0.27989,0.00000
0.90994,-0.03871,0.00000
-0.53329,0.77830,1.00000
0.67155,-0.03543,1.00000
-0.35252,0.60121,0.00000
0.14343,0.57817,0.00000
-0.17646,-0.31312,0.00000
0.42076,0.73105,1.00000
-0.67628,0.61088,1.00000
0.02327,0.82746,1.00000
0.55144,0.14687,0.00000
0.41213,0.67860,1.00000
-0.32062,0.33090,1.00000
-0.43508,0.17519,1.00000
0.86297,-0.26511,0.00000
-0.14427,0.19939,0.00000
0.62371,-0.63524,0.00000
-0.65425,0.19833,0.00000
0.30976,-0.63010,1.00000
-0.75647,0.05740,0.00000
-0.65958,-0.46047,0.00000
0.11761,0.65593,0.00000
-0.93007,0.19781,1.00000
-0.47247,-0.35549,1.00000
0.12570,-0.85053,0.00000
0.12343,0.84250,1.00000
0.15829,-0.62852,1.00000
0.51194,0.12315,0.00000
0.96421,-0.04103,0.00000
0.96417,-0.08260,0.00000
-0.48824,0.67135,1.00000
0.30356,-0.36433,0.00000
0.58905,0.01324,0.00000
0.18691,-0.65702,1.00000
0.52873,0.58474,1.00000
-0.60850,0.43257,0.00000
0.19724,0.77573,1.00000
0.27364,-0.03900,1.00000
0.73060,-0.05585,1.00000
0.54210,0.23794,0.00000
-0.44100,0.48087,0.00000
-0.25796,0.83560,1.00000
0.37907,0.71099,1.00000
-0.04357,-0.46224,0.00000
0.30598,0.49751,0.00000
-0.67014,-0.49098,0.00000
0.63243,0.46045,1.00000
-0.91924,0.08649,1.00000
0.62291,-0.64283,0.00000
-0.02021,-0.79721,0.00000
0.66447,0.45250,1.00000
-0.02154,0.82760,1.00000
0.27218,0.33046,1.00000
-0.68848,0.59895,1.00000
0.15062,-0.85520,0.00000
-0.42259,0.73550,1.00000
0.31021,0.49105,0.00000
0.00149,0.39480,1.00000
0.66486,-0.07383,1.00000
-0.92595,0.12331,1.00000
0.39989,-0.52770,1.00000
0.57556,-0.35876,1.00000
0.72111,-0.05424,1.00000
-0.25255,-0.57598,1.00000
0.72199,-0.06198,1.00000
-0.27919,0.82453,1.00000
0.49195,-0.16084,0.00000
0.84053,-0.38434,0.00000
0.43622,-0.72267,0.00000
0.19846,0.58368,0.00000
0.45160,-0.25074,0.00000
-0.93733,-0.00846,1.00000
0.30024,-0.02961,1.00000
0.51652,-0.41680,1.00000
0.42961,-0.76504,0.00000
0.75476,0.22317,1.00000
0.39739,0.75428,1.00000
-0.33510,0.74077,1.00000
-0.29282,0.63906,0.00000
-0.70961,0.08850,0.00000
0.23608,0.36610,1.00000
-0.69581,0.08398,0.00000
-0.85605,0.40671,1.00000
-0.03096,0.85373,1.00000
0.06380,-0.84997,0.00000
0.37272,0.46867,0.00000
-0.86516,0.35213,1.00000
0.54225,-0.78485,0.00000
-0.39909,0.18523,1.00000
0.19494,-0.63886,1.00000
-0.04904,0.22728,0.00000
0.72889,-0.18491,1.00000
-0.86451,0.21790,1.00000
-0.05566,0.26086,0.00000
0.34072,-0.80924,0.00000
0.18972,-0.20958,1.00000
-0.66468,-0.42515,0.00000
-0.47785,-0.23908,1.00000
0.14924,0.63287,0.00000
-0.01016,-0.82676,0.00000
-0.27311,-0.54515,1.00000
0.78696,-0.03987,1.00000
-0.71529,0.21354,0.00000
0.65016,-0.29304,1.00000
0.70800,0.10972,1.00000
0.61134,-0.36367,1.00000
-0.17219,0.84140,1.00000
-0.25212,-0.54987,1.00000
0.06428,0.86013,1.00000
-0.88889,0.18478,1.00000
0.40508,0.42325,0.00000
0.80856,-0.45787,0.00000
-0.19296,0.19687,0.00000
0.28734,-0.61265,1.00000
0.46353,-0.24545,0.00000
0.73411,0.15277,1.00000
0.59281,0.31744,1.00000
-0.48239,-0.26896,1.00000
-0.50696,0.43309,0.00000
-0.24818,0.18934,0.00000
-0.19505,-0.82409,0.00000
-0.44632,0.79002,1.00000
0.24475,-0.78736,0.00000
-0.07970,-0.24455,1.00000
-0.97348,0.04814,1.00000
0.67521,-0.01708,1.00000
0.72378,-0.08802,1.00000
-0.45710,-0.30996,1.00000
0.72884,0.09074,1.00000
-0.45618,0.52807,0.00000
0.13135,0.38413,1.00000
-0.87651,0.23624,1.00000
0.47861,-0.48260,1.00000
0.64469,0.43701,1.00000
0.75277,0.18965,1.00000
0.20005,-0.58216,1.00000
0.58636,-0.36766,1.00000
0.06931,0.36112,1.00000
0.28537,0.50234,0.00000
0.45692,0.37416,0.00000
0.10959,0.15950,0.00000
0.32586,0.46087,0.00000
-0.05098,0.80556,1.00000
-0.09469,-0.16658,1.00000
0.62148,0.39464,1.00000
-0.52233,0.72659,1.00000
-0.27575,0.62973,0.00000
-0.15160,0.16427,0.00000
0.44559,-0.75036,0.00000
-0.46863,0.49589,0.00000
0.47734,0.64379,1.00000
-0.07740,-0.68163,1.00000
-0.43448,0.25286,1.00000
0.27991,0.22792,1.00000
-0.37548,0.34609,1.00000
-0.76434,-0.20289,0.00000
0.73962,-0.09421,1.00000
0.29575,-0.06746,1.00000
0.48341,0.33674,0.00000
-0.32426,-0.18198,0.00000
0.36155,0.63157,1.00000
0.50969,0.08682,0.00000
0.13294,-0.40263,0.00000
0.69671,0.02136,1.00000
-0.10584,-0.58458,1.00000
-0.38891,-0.69992,0.00000
0.62771,-0.72006,0.00000
0.46396,0.19329,0.00000
0.99124,-0.06251,0.00000
0.57126,-0.33632,1.00000
0.38870,-0.28756,0.00000
0.82417,-0.24084,0.00000
-0.52548,0.06082,1.00000
0.27074,0.85606,1.00000
-0.81567,0.38266,1.00000
0.27883,-0.79096,0.00000
-0.72137,0.01862,0.00000
-0.42190,0.50680,0.00000
-0.18387,0.40917,1.00000
-0.13894,0.80523,1.00000
0.46951,-0.55414,1.00000
-1.00000,0.24837,1.00000
0.35871,0.66890,1.00000
-0.20363,0.65457,0.00000
0.01528,-0.61486,1.00000
-0.75403,-0.19677,0.00000
-0.19136,0.40843,1.00000
0.53712,-0.46531,1.00000
0.88100,-0.34289,0.00000
0.15217,-0.18699,1.00000
-0.31847,-0.00438,0.00000
0.76943,-0.51631,0.00000
-0.06256,0.61332,0.00000
-0.23335,0.36505,1.00000
-0.43376,0.51447,0.00000
-0.26171,-0.75338,0.00000
0.13070,0.30407,1.00000
0.32763,0.73088,1.00000
0.91929,-0.31055,0.00000
0.30971,0.75043,1.00000
0.69023,-0.12164,1.00000
0.41877,0.42455,0.00000
0.73154,-0.56265,0.00000
0.18307,-0.87998,0.00000
0.24587,-0.79876,0.00000
0.71778,0.35183,1.00000
-0.73231,0.10991,0.00000
-0.25234,0.15577,0.00000
-0.67660,0.16237,0.00000
0.48450,-0.06064,0.00000
0.93516,-0.06590,0.00000
-0.23331,-0.54585,1.00000
-0.51936,0.45137,0.00000
0.74497,0.06323,1.00000
0.25834,-0.09767,1.00000
0.19244,0.61089,0.00000
0.26912,0.79032,1.00000
0.12908,-0.86176,0.00000
-0.39094,-0.17726,0.00000
0.23257,-0.06247,1.00000
0.43273,0.34345,0.00000
-0.45951,-0.28875,1.00000
0.36344,-0.55658,1.00000
0.34445,0.72166,1.00000
-0.58357,0.33774,0.00000
0.41807,0.31951,0.00000
-0.16622,-0.39931,0.00000
0.85440,-0.37553,0.00000
0.93287,-0.30305,0.00000
-0.09833,-0.80180,0.00000
0.86211,-0.26399,0.00000
-0.61913,-0.04410,1.00000
-0.69881,0.14340,0.00000
-0.35312,-0.16993,0.00000
0.88993,-0.13734,0.00000
0.19131,0.56952,0.00000
-0.24243,-0.52058,1.00000
0.21229,0.54974,0.00000
0.97655,-0.11907,0.00000
-0.30210,0.32811,1.00000
0.81164,0.08510,1.00000
0.29347,-0.08567,1.00000
-0.77226,0.57898,1.00000
-0.61978,0.31559,0.00000
0.17107,0.57488,0.00000
0.11429,-0.25240,1.00000
0.51443,-0.51623,1.00000
0.28285,-0.03185,1.00000
-0.53417,-0.19308,1.00000
-0.45955,-0.41487,1.00000
-0.09945,-0.82195,0.00000
-0.07027,-0.41549,0.00000
0.71992,-0.06620,1.00000
-0.04476,-0.41386,0.00000
-0.27317,0.08401,0.00000
-0.14454,-0.57128,1.00000
0.41974,-0.77597,0.00000
-0.23310,-0.34293,0.00000
-0.50774,-0.15082,1.00000
-0.31644,0.07826,0.00000
-0.30370,0.07673,0.00000
-0.54694,-0.15995,1.00000
-0.23514,-0.20722,0.00000
0.73778,-0.23265,1.00000
0.10878,0.37250,1.00000
-0.32131,0.35893,1.00000
0.28447,0.56731,0.00000
0.26457,0.72779,1.00000
-0.12254,-0.13640,1.00000
0.64702,-0.65274,0.00000
0.64768,-0.27775,1.00000
-0.27643,-0.17425,0.00000
-0.61257,-0.57577,0.00000
-0.02300,0.40997,1.00000
0.65640,0.33988,1.00000
0.65760,-0.30112,1.00000
0.00347,-0.64594,1.00000
-0.49699,-0.64963,0.00000
0.88541,-0.20016,0.00000
0.46179,0.71104,1.00000
0.75888,0.08779,1.00000
-0.62187,0.24541,0.00000
0.39406,-0.47175,1.00000
-0.32265,-0.44912,1.00000
0.05289,-0.23336,1.00000
0.86193,-0.32157,0.00000
0.00367,-0.24720,1.00000
0.54291,0.53568,1.00000
-0.39896,-0.31535,1.00000
0.45883,0.30888,0.00000
0.77455,-0.52552,0.00000
-0.50746,-0.05334,1.00000
-0.59866,0.67268,1.00000
0.27014,-0.41483,0.00000
-0.67657,-0.21236,0.00000
0.30240,-0.83033,0.00000
-0.49151,0.47257,0.00000
-0.52501,-0.17756,1.00000
-0.48851,-0.35251,1.00000
0.12665,-0.39446,0.00000
0.60106,-0.37010,1.00000
0.49518,-0.47106,1.00000
0.04457,-0.83850,0.00000
0.41911,-0.48414,1.00000
-0.28211,0.78442,1.00000
0.30641,0.19357,1.00000
-0.56067,0.32837,0.00000
-0.46338,0.02411,1.00000
-0.10102,-0.67249,1.00000
0.34644,-0.05786,1.00000
-0.53652,-0.02271,1.00000
0.71672,-0.57674,0.00000
-0.57878,0.71905,1.00000
0.95096,-0.05881,0.00000
-0.31489,-0.18119,0.00000
0.21630,-0.36372,0.00000
-0.01587,-0.82134,0.00000
0.72552,-0.13707,1.00000
-0.30642,0.39699,1.00000
0.13791,-0.63931,1.00000
0.20090,0.50777,0.00000
-0.20708,0.11083,0.00000
-0.65120,0.61194,1.00000
-0.12668,0.44393,1.00000
0.48632,-0.69783,0.00000
-0.55137,0.37726,0.00000
-0.51056,0.51649,0.00000
-0.53661,0.71000,1.00000
0.25404,-0.10188,1.00000
-0.16147,0.68424,0.00000
0.22570,0.58442,0.00000
0.19698,-0.69224,1.00000
-0.22292,-0.31916,0.00000
-0.77733,-0.23618,0.00000
0.05499,0.62657,0.00000
0.49668,0.54189,1.00000
0.56544,-0.70618,0.00000
-0.30685,-0.18123,0.00000
0.64065,-0.19664,1.00000
0.43655,-0.24458,0.00000
-0.27174,-0.77875,0.00000
-0.44085,-0.34510,1.00000
0.19784,0.58951,0.00000
0.28530,-0.05153,1.00000
-0.32324,0.27199,1.00000
0.27779,-0.78091,0.00000
0.10942,0.39296,1.00000
0.30150,-0.34694,0.00000
-0.88540,0.23713,1.00000
0.53905,0.51686,1.00000
-0.43588,0.64512,1.00000
-0.65762,0.61432,1.00000
-0.27549,0.32664,1.00000
-0.66091,0.53391,1.00000
-0.41834,0.22957,1.00000
0.72175,0.18297,1.00000
0.63716,-0.60065,0.00000
-0.20012,0.56182,0.00000
-0.67444,-0.40940,0.00000
0.94403,0.05758,0.00000
-0.03462,0.85913,1.00000
-0.54253,0.44715,0.00000
0.55692,-0.47533,1.00000
-0.40742,-0.68739,0.00000
-0.26259,-0.24310,0.00000
-0.63321,-0.49824,0.00000
0.69992,-0.16592,1.00000
-0.68624,-0.36127,0.00000
0.56149,-0.42096,1.00000
0.54068,0.24237,0.00000
-0.08413,-0.18127,1.00000
-0.02792,-0.58969,1.00000
-0.88416,0.25841,1.00000
-0.69422,-0.23306,0.00000
0.15189,-0.85093,0.00000
-0.25078,0.07830,0.00000
-0.50060,-0.20898,1.00000
0.72325,-0.08123,1.00000
0.26181,0.72452,1.00000
-0.30044,-0.76484,0.00000
0.50536,0.20018,0.00000
-0.21453,0.86406,1.00000
-0.37485,0.79461,1.00000
-0.59924,-0.50148,0.00000
0.08643,-0.89195,0.00000
0.50415,-0.71256,0.00000
0.30722,-0.63965,1.00000
-0.07341,-0.38506,0.00000
0.14158,-0.19731,1.00000
-0.42984,-0.32492,1.00000
-0.68541,0.02776,0.00000
0.40247,-0.57281,1.00000
-0.75344,0.68790,1.00000
-0.77268,-0.07978,0.00000
-0.64995,0.15238,0.00000
0.22547,-0.60540,1.00000
-0.13707,-0.36034,0.00000
0.19305,-0.82732,0.00000
0.52895,0.54639,1.00000
-0.33017,-0.79825,0.00000
-0.05318,0.88256,1.00000
-0.15167,-0.55091,1.00000
0.26404,-0.80566,0.00000
0.34437,-0.78581,0.00000
-0.51594,-0.16441,1.00000
-0.27079,-0.79049,0.00000
-0.28181,0.64858,0.00000
0.56518,-0.01905,0.00000
0.56385,0.19775,0.00000
0.58421,0.50458,1.00000
0.03535,0.22341,0.00000
-0.27483,-0.36270,0.00000
0.31650,0.47543,0.00000
0.32058,0.17429,1.00000
0.14003,-0.21045,1.00000
0.20987,0.51181,0.00000
-0.06083,0.45588,1.00000
0.47877,0.30240,0.00000
-0.30826,0.05455,0.00000
0.53498,-0.51461,1.00000
-0.14399,-0.33733,0.00000
-0.01278,0.67240,0.00000
-0.92671,0.09632,1.00000
0.07853,0.07738,0.00000
-0.27814,0.01502,0.00000
-0.77944,-0.16483,0.00000
-0.38570,-0.72162,0.00000
0.35574,-0.82151,0.00000
-0.40241,0.76583,1.00000
-0.55854,-0.18797,1.00000
0.86353,-0.35147,0.00000
-0.55800,0.43602,0.00000
-0.38126,-0.48415,1.00000
-0.43957,0.15485,1.00000
0.83302,-0.42831,0.00000
-0.14032,0.41969,1.00000
0.51423,0.31548,0.00000
-0.89021,0.23882,1.00000
0.14243,0.34846,1.00000
0.28044,-0.42581,0.00000
-0.82538,0.36455,1.00000
0.53539,-0.68463,0.00000
0.75110,0.18970,1.00000
0.12399,-0.69038,1.00000
0.70756,0.16648,1.00000
-0.43302,0.14790,1.00000
-0.20334,-0.70165,0.00000
0.24290,-0.87162,0.00000
-0.46051,0.70961,1.00000
-0.43729,-0.69833,0.00000
-0.02931,-0.86319,0.00000
0.14224,-0.37175,0.00000
-0.13995,0.66150,0.00000
-0.58250,-0.12717,1.00000
-0.14996,0.61045,0.00000
-0.70283,-0.09712,0.00000
-0.27086,-0.55341,1.00000
-0.50245,-0.16760,1.00000
0.36601,-0.78294,0.00000
-0.36829,-0.46399,1.00000
-0.73401,-0.10604,0.00000
-0.71252,0.11887,0.00000
0.64775,-0.20264,1.00000
0.52163,-0.05201,0.00000
-0.88435,0.25989,1.00000
0.55703,-0.72392,0.00000
0.30462,-0.02626,1.00000
-0.28066,0.04425,0.00000
-0.43606,0.44798,0.00000
0.80446,-0.45466,0.00000
-0.02031,0.43659,1.00000
0.35009,0.08315,1.00000
0.28682,0.76138,1.00000
0.75176,-0.03680,1.00000
0.67537,-0.26284,1.00000
0.43933,-0.24646,0.00000
-0.00796,0.63605,0.00000
0.54665,-0.62818,0.00000
0.74775,-0.15541,1.00000
-0.29991,-0.78502,0.00000
0.60558,0.44248,1.00000
-0.47026,0.73007,1.00000
-0.38081,-0.03291,0.00000
0.52967,-0.51677,1.00000
0.29708,-0.39017,0.00000
0.52848,-0.68338,0.00000
-0.18443,0.64298,0.00000
0.01599,-0.79709,0.00000
-0.32145,-0.01221,0.00000
0.72293,0.27990,1.00000
0.31383,0.77389,1.00000
-0.12688,-0.40723,0.00000
-0.73734,-0.10323,0.00000
-0.25106,-0.54252,1.00000
0.26263,-0.85743,0.00000
0.72432,0.33882,1.00000
-0.77563,0.04979,0.00000
-0.11733,-0.36531,0.00000
0.11802,0.11093,0.00000
0.73923,0.24153,1.00000
0.76452,0.21490,1.00000
0.48931,0.57273,1.00000
0.15814,0.81519,1.00000
-0.83739,0.40067,1.00000
-0.91587,0.16678,1.00000
-0.54781,-0.16689,1.00000
-0.19362,-0.58370,1.00000
0.31119,0.51299,0.00000
0.41135,0.33190,0.00000
0.95666,-0.13698,0.00000
-0.34549,0.01231,0.00000
-0.48410,-0.67254,0.00000
0.06216,0.21079,0.00000
0.65248,0.24398,1.00000
0.75229,0.25560,1.00000
-0.48669,0.78096,1.00000
-0.07517,-0.84447,0.00000
0.39438,-0.49295,1.00000
-0.39081,-0.38688,1.00000
-0.74001,-0.34657,0.00000
0.90098,-0.23962,0.00000
0.52576,0.06219,0.00000
0.69717,-0.01523,1.00000
-0.57324,-0.05031,1.00000
0.33000,0.04524,1.00000
0.36707,0.54975,0.00000
-0.58540,-0.10853,1.00000
-0.28209,0.60262,0.00000
-0.69493,0.55561,1.00000
0.93974,-0.18889,0.00000
-0.48598,-0.64328,0.00000
-0.20162,-0.58855,1.00000
-0.58027,0.43143,0.00000
0.52538,-0.14135,0.00000
-0.27061,-0.27204,0.00000
-0.04874,0.86768,1.00000
0.06678,-0.26749,1.00000
0.36132,0.40340,0.00000
-0.25292,0.14549,0.00000
-0.14288,-0.85597,0.00000
-0.51035,0.46252,0.00000
-0.59851,0.68026,1.00000
0.74186,-0.11723,1.00000
-0.00096,-0.63212,1.00000
0.18183,0.79985,1.00000
0.53222,-0.74515,0.00000
0.78287,-0.46538,0.00000
-0.18980,-0.80571,0.00000
0.78858,-0.37707,0.00000
0.89037,-0.12931,0.00000
0.20796,-0.23331,1.00000
-0.76216,-0.41187,0.00000
0.32113,0.47214,0.00000
-0.18458,-0.57824,1.00000
0.77025,0.15450,1.00000
0.10916,-0.85185,0.00000
-0.28600,-0.52589,1.00000
0.48018,-0.17634,0.00000
-0.34035,0.51869,0.00000
0.34148,0.80077,1.00000
0.47162,0.68296,1.00000
0.48171,0.63105,1.00000
-0.13507,-0.42503,0.00000
-0.04864,0.67798,0.00000
-0.48352,-0.39144,1.00000
-0.04972,-0.15248,1.00000
0.46516,0.74292,1.00000
-0.19491,-0.60312,1.00000
-0.37790,0.55566,0.00000
0.39150,-0.75832,0.00000
0.77041,-0.48805,0.00000
-0.31323,-0.45639,1.00000
-0.64163,-0.41588,0.00000
-0.24976,-0.85292,0.00000
0.29197,-0.34253,0.00000
-0.51819,0.42942,0.00000
0.75834,-0.45206,0.00000
-0.41349,-0.70913,0.00000
0.50017,0.20078,0.00000
-0.34543,0.80500,1.00000
-0.79864,-0.02374,0.00000
-0.13397,-0.16092,1.00000
0.68697,0.35079,1.00000
-0.54531,0.13200,1.00000
-0.15046,0.88355,1.00000
-0.23917,-0.28677,0.00000
0.71017,0.24034,1.00000
0.37480,-0.56169,1.00000
0.68921,0.33386,1.00000
0.48731,0.38217,0.00000
-0.76726,-0.01512,0.00000
0.37435,0.06542,1.00000
0.21065,-0.45424,0.00000
0.31171,0.50838,0.00000
0.76470,-0.20748,1.00000
-0.39485,-0.65509,0.00000
-0.06529,-0.36934,0.00000
0.22574,0.80471,1.00000
0.16758,-0.88525,0.00000
-0.88197,0.40205,1.00000
0.43520,0.72941,1.00000
0.62326,-0.25612,1.00000
-0.43896,-0.41710,1.00000
0.25859,-0.90573,0.00000
-0.53967,-0.08143,1.00000
0.38921,-0.29296,0.00000
-0.80456,-0.13999,0.00000
-0.13886,0.20264,0.00000
0.20320,-0.60964,1.00000
0.45326,0.70692,1.00000
0.31460,0.70162,1.00000
-0.06104,0.86948,1.00000
0.67924,0.42679,1.00000
0.67057,0.17290,1.00000
-0.30132,-0.76293,0.00000
-0.16070,0.16237,0.00000
0.12036,-0.57897,1.00000
-0.06132,0.61628,0.00000
-0.77413,0.16708,0.00000
0.71252,0.25162,1.00000
0.03690,0.80889,1.00000
-0.86221,0.17206,1.00000
-0.65927,-0.38290,0.00000
-0.51201,0.48199,0.00000
0.40517,0.68677,1.00000
0.43418,-0.42044,1.00000
0.20281,0.79498,1.00000
0.58133,-0.40834,1.00000
0.14047,-0.85417,0.00000
-0.48398,0.09477,1.00000
0.46096,-0.41327,1.00000
-0.64397,0.30122,0.00000
-0.72505,-0.23962,0.00000
0.15146,-0.21758,1.00000
0.09693,0.60361,0.00000
-0.10056,-0.19078,1.00000
-0.44799,-0.69659,0.00000
0.59585,0.61406,1.00000
-0.51622,0.71409,1.00000
0.76974,0.18733,1.00000
-0.13302,0.87220,1.00000
-0.23109,-0.32800,0.00000
-0.52112,0.48786,0.00000
-0.55478,-0.03345,1.00000
0.06990,-0.80702,0.00000
0.19797,-0.57342,1.00000
0.59860,0.56878,1.00000
-0.51404,0.47229,0.00000
0.51260,0.58427,1.00000
-0.08845,-0.87668,0.00000
0.08187,0.49664,1.00000
0.07333,0.81690,1.00000
-0.65940,0.11224,0.00000
-0.62462,0.24212,0.00000
-0.77108,-0.15408,0.00000
0.13695,0.81070,1.00000
0.40811,-0.74122,0.00000
0.53425,-0.05940,0.00000
0.15719,-0.66209,1.00000
-0.66916,-0.33621,0.00000
-0.44635,-0.32801,1.00000
-0.36716,0.26234,1.00000
-0.28395,0.83075,1.00000
-0.71318,0.54521,1.00000
-0.63216,0.37468,0.00000
0.10702,0.39823,1.00000
0.88419,-0.35806,0.00000
0.42461,0.40569,0.00000
0.37518,-0.79183,0.00000
0.21694,0.30052,1.00000
-0.08558,-0.85126,0.00000
-0.33780,-0.21643,0.00000
-0.76093,-0.25822,0.00000
-0.46687,-0.29538,1.00000
0.45579,0.64379,1.00000
0.68283,-0.37206,1.00000
0.70485,0.05041,1.00000
-0.16682,0.39955,1.00000
-0.01312,-0.42643,0.00000
-0.08370,-0.18049,1.00000
0.79949,0.25684,1.00000
0.64259,-0.15367,1.00000
0.11110,-0.78816,0.00000
-0.57729,0.37569,0.00000
0.33861,-0.27144,0.00000
0.12221,0.80544,1.00000
0.26649,-0.60638,1.00000
-0.14540,-0.82859,0.00000
-0.19261,0.54791,0.00000
0.33809,0.74213,1.00000
0.55927,-0.01090,0.00000
0.53573,-0.71285,0.00000
-0.49477,0.19024,1.00000
-0.09490,0.87194,1.00000
0.02085,0.66072,0.00000
-0.29459,0.07946,0.00000
0.09776,0.38072,1.00000
-0.03937,0.23472,0.00000
-0.07424,0.82809,1.00000
0.53773,-0.44088,1.00000
-0.29311,0.04628,0.00000
-0.11630,0.80905,1.00000
0.51988,-0.53745,1.00000
-0.31967,0.01286,0.00000
0.48814,0.20162,0.00000
-0.73197,0.58029,1.00000
-0.46579,-0.33730,1.00000
0.44673,0.57384,1.00000
-0.70304,-0.25035,0.00000
0.16373,0.40381,1.00000
-0.95880,0.19042,1.00000
0.64397,-0.53069,0.00000
-0.44680,-0.44448,1.00000
-0.41511,-0.73806,0.00000
0.55258,-0.68067,0.00000
-0.73414,-0.23284,0.00000
-0.51160,0.14684,1.00000
-0.41120,-0.41124,1.00000
0.78407,-0.48600,0.00000
-0.63112,0.60386,1.00000
0.37940,0.42144,0.00000
0.73875,0.28319,1.00000
-0.17941,0.82009,1.00000
0.65737,0.35077,1.00000
0.32633,0.01490,1.00000
0.30696,0.20207,1.00000
0.32299,-0.00672,1.00000
-0.23422,-0.54327,1.00000
-0.50676,-0.31924,1.00000
0.39263,-0.56512,1.00000
0.08347,0.63014,0.00000
0.51791,-0.15559,0.00000
-0.09005,-0.66463,1.00000
0.71702,-0.07646,1.00000
0.43461,0.38482,0.00000
-0.19435,-0.40372,0.00000
0.16110,-0.64188,1.00000
0.59614,0.44951,1.00000
0.55232,0.47715,1.00000
-0.14976,0.63886,0.00000
-0.04372,0.22226,0.00000
0.57859,0.46042,1.00000
0.72706,-0.12908,1.00000
-0.23014,0.40995,1.00000
-0.31567,-0.16766,0.00000
0.35706,-0.59523,1.00000
-0.32284,-0.49399,1.00000
0.32358,-0.78188,0.00000
0.12921,0.63333,0.00000
-0.51222,-0.55910,0.00000
0.43524,0.42398,0.00000
-0.37791,-0.46641,1.00000
-0.55916,0.75830,1.00000
-0.36577,0.84202,1.00000
0.14395,0.63356,0.00000
0.42828,0.69412,1.00000
0.02045,-0.23761,1.00000
-0.05854,-0.85683,0.00000
-0.18569,0.87148,1.00000
-0.16950,-0.41988,0.00000
-0.28666,-0.07125,0.00000
0.55087,0.57277,1.00000
0.83454,-0.24564,0.00000
0.52635,0.59515,1.00000
-0.74164,0.51376,1.00000
-0.22257,-0.29856,0.00000
0.52522,0.17791,0.00000
0.80228,-0.42656,0.00000
-0.50755,-0.21771,1.00000
-0.28190,0.80346,1.00000
0.48618,0.22457,0.00000
0.62254,-0.36927,1.00000
0.09134,0.62732,0.00000
0.95212,-0.02483,0.00000
-0.31143,0.84642,1.00000
0.30449,-0.84347,0.00000
0.52829,0.18269,0.00000
-0.46143,0.46981,0.00000
-0.35507,-0.14198,0.00000
0.44705,-0.23631,0.00000
-0.08605,0.83253,1.00000
0.16198,0.81496,1.00000
0.62379,-0.68149,0.00000
-0.94120,0.16053,1.00000
0.29499,-0.60062,1.00000
0.17657,-0.15445,1.00000
0.28086,0.51035,0.00000
0.85949,-0.27006,0.00000
0.60822,0.45062,1.00000
-0.10989,0.82316,1.00000
-0.05401,-0.48556,0.00000
0.55249,0.00687,0.00000
-0.72855,0.10562,0.00000
-0.74264,0.05992,0.00000
0.26140,-0.66609,1.00000
-0.57516,-0.55350,0.00000
0.87458,-0.25062,0.00000
0.06732,0.42616,1.00000
0.63937,0.26192,1.00000
-0.26200,0.38072,1.00000
0.41012,0.38493,0.00000
0.80795,-0.42008,0.00000
0.69977,-0.16222,1.00000
0.35694,0.74316,1.00000
-0.18513,0.66968,0.00000
0.18759,-0.39909,0.00000
-0.29564,0.58236,0.00000
-0.24887,-0.84483,0.00000
-0.71735,0.53785,1.00000
0.60569,0.41037,1.00000
0.35412,-0.34088,0.00000
0.43676,-0.46351,1.00000
-0.29166,0.80964,1.00000
0.30673,-0.10474,1.00000
0.31711,-0.13689,1.00000
-0.69876,0.29319,0.00000
-0.71919,0.10783,0.00000
-0.59080,-0.52818,0.00000
0.28887,0.14956,1.00000
0.31193,0.77381,1.00000
0.45631,-0.51354,1.00000
-0.00244,-0.38954,0.00000
-0.50323,-0.61639,0.00000
0.46615,0.10621,0.00000
0.78917,-0.00120,1.00000
-0.68072,-0.12505,0.00000
0.43957,-0.58037,1.00000
-0.70566,-0.37087,0.00000
0.36134,0.50532,0.00000
0.25749,0.09068,1.00000
-0.39679,0.53183,0.00000
-0.09616,-0.40336,0.00000
0.01608,0.87610,1.00000
0.43662,0.39750,0.00000
0.02018,-0.42436,0.00000
-0.05626,-0.46355,0.00000
-0.66474,-0.39782,0.00000
-0.06778,-0.10783,1.00000
0.03810,0.88387,1.00000
0.77551,-0.51094,0.00000
0.41366,0.66854,1.00000
-0.62884,0.32475,0.00000
0.35239,-0.77885,0.00000
0.02529,0.13380,0.00000
-0.05239,0.82391,1.00000
-0.14906,0.84994,1.00000
0.49120,0.62047,1.00000
0.79358,-0.43814,0.00000
0.39482,-0.28864,0.00000
0.53397,-0.03354,0.00000
0.62860,-0.54748,0.00000
-0.44555,-0.22811,1.00000
0.14949,0.35660,1.00000
-0.02763,-0.45910,0.00000
-0.26367,-0.77970,0.00000
-0.20116,-0.56802,1.00000
1.00000,0.01230,0.00000
-0.20609,0.37956,1.00000
-0.53261,-0.02601,1.00000
0.74320,-0.57995,0.00000
0.50881,-0.46173,1.00000
-0.04423,0.44326,1.00000
0.69090,-0.21002,1.00000
0.16161,-0.39515,0.00000
-0.62017,0.63204,1.00000
-0.41249,0.25057,1.00000
0.23084,0.70796,1.00000
-0.79315,0.42025,1.00000
0.32712,0.01413,1.00000
0.40932,-0.45632,1.00000
0.42242,0.46155,0.00000
-0.64112,-0.58294,0.00000
0.57506,-0.38455,1.00000
0.24466,-0.78517,0.00000
-0.21600,0.04328,0.00000
0.78011,0.05352,1.00000
-0.91212,0.25937,1.00000
0.18866,0.35398,1.00000
0.43821,0.28137,0.00000
0.10441,-0.43872,0.00000
-0.44459,-0.64749,0.00000
-0.15832,0.18419,0.00000
-0.73089,-0.35049,0.00000
0.07099,0.86511,1.00000
-0.54827,-0.06490,1.00000
-0.09616,-0.38521,0.00000
0.88277,-0.11313,0.00000
0.43341,-0.54084,1.00000
0.42378,0.33476,0.00000
0.62367,-0.27895,1.00000
-0.62220,-0.40813,0.00000
0.38644,-0.28788,0.00000
0.48704,0.26348,0.00000
-0.20781,0.40047,1.00000
0.03987,-0.39107,0.00000
-0.71852,0.22438,0.00000
-0.69820,-0.17977,0.00000
0.31787,0.48530,0.00000
-0.67961,-0.39938,0.00000
-0.32525,-0.73909,0.00000
0.51658,-0.64653,0.00000
-0.29864,0.12687,0.00000
0.49329,-0.10381,0.00000
-0.49459,0.09949,1.00000
-0.41806,0.55746,0.00000
0.11803,0.84584,1.00000
0.63567,-0.63642,0.00000
0.93167,-0.25999,0.00000
-0.83481,0.31308,1.00000
-0.36323,-0.44296,1.00000
0.17331,0.60770,0.00000
0.00229,0.18235,0.00000
0.87721,-0.09260,0.00000
-0.69818,0.18945,0.00000
0.39429,0.42423,0.00000
-0.34551,-0.39600,1.00000
0.34125,0.10001,1.00000
-0.24287,-0.56201,1.00000
0.45788,-0.45170,1.00000
0.69369,0.33011,1.00000
-0.38011,-0.38484,1.00000
-0.71215,-0.33970,0.00000
-0.21697,0.44743,1.00000
0.32987,-0.64755,1.00000
-0.01863,0.82362,1.00000
0.56337,-0.37788,1.00000
0.93943,-0.21850,0.00000
0.20185,-0.83354,0.00000
-0.31064,0.34327,1.00000
-0.29646,0.01249,0.00000
0.67978,0.07190,1.00000
-0.74734,-0.27632,0.00000
0.18636,0.57599,0.00000
0.93455,-0.09483,0.00000
-0.64624,0.32772,0.00000
-0.38458,-0.43671,1.00000
-0.43802,0.30701,1.00000
0.26544,0.27141,1.00000
0.82508,-0.32984,0.00000
-0.57598,0.65104,1.00000
-0.55985,-0.59648,0.00000
-0.77580,0.54322,1.00000
-0.92162,0.19528,1.00000
0.56078,-0.45166,1.00000
-0.34354,-0.05258,0.00000
0.92999,-0.14409,0.00000
0.38603,-0.76321,0.00000
-0.45754,0.22757,1.00000
0.77363,0.02939,1.00000
-0.26950,0.56831,0.00000
-0.19655,0.40143,1.00000
-0.18092,0.84220,1.00000
-0.29659,0.38195,1.00000
-0.04419,0.68744,0.00000
-0.79090,-0.19927,0.00000
0.67267,0.43070,1.00000
0.86452,-0.12324,0.00000
0.00220,0.83984,1.00000
-0.57494,-0.63989,0.00000
-0.40575,-0.75534,0.00000
0.18565,-0.46140,0.00000
-0.24649,0.61139,0.00000
0.77144,0.20560,1.00000
-0.23706,0.76759,1.00000
-0.10450,0.63266,0.00000
-0.31743,0.80825,1.00000
0.03888,0.59822,0.00000
-0.33376,0.28621,1.00000
0.28987,0.22615,1.00000
-0.77653,-0.16929,0.00000
0.76086,0.00788,1.00000
-0.93323,0.01073,1.00000
0.70364,0.23504,1.00000
-0.51225,0.50025,0.00000
-0.48352,-0.20248,1.00000
0.08236,0.89607,1.00000
0.38351,-0.78734,0.00000
0.73676,0.36322,1.00000
0.49777,0.16706,0.00000
0.27854,0.61097,0.00000
0.15731,0.03708,0.00000
0.38427,-0.30162,0.00000
0.51855,0.61234,1.00000
-0.91563,0.16364,1.00000
-0.08377,-0.44904,0.00000
0.11857,-0.44294,0.00000
0.15424,-0.74119,0.00000
-0.32536,0.82749,1.00000
0.08438,0.34419,1.00000
-0.27808,-0.36623,0.00000
0.12421,-0.23235,1.00000
0.02505,0.22636,0.00000
-0.36333,-0.03087,0.00000
-0.26130,0.58197,0.00000
-0.44132,0.06705,1.00000
-0.98269,0.21171,1.00000
0.28260,0.16006,1.00000
-0.54280,0.64551,1.00000
-0.32068,-0.11440,0.00000
-0.35123,0.61091,0.00000
-0.70682,-0.21137,0.00000
0.13214,-0.78306,0.00000
-0.27237,0.78410,1.00000
-0.52223,0.43174,0.00000
-0.73627,0.12555,0.00000
-0.20216,-0.56751,1.00000
0.83971,-0.43805,0.00000
0.43819,0.43941,0.00000
0.29167,-0.06605,1.00000
0.10373,-0.17323,1.00000
-0.92249,0.23281,1.00000
0.19835,-0.03608,1.00000
-0.35595,-0.07021,0.00000
0.32051,-0.09543,1.00000
0.18925,-0.22446,1.00000
0.32739,0.23055,1.00000
-0.78921,0.04620,0.00000
-0.76066,0.49444,1.00000
0.09163,0.46358,1.00000
0.45229,0.39371,0.00000
0.29177,-0.04533,1.00000
0.53993,0.58466,1.00000
-0.12814,0.80887,1.00000
-0.67370,0.27422,0.00000
-0.60726,-0.32393,0.00000
-0.51535,-0.68108,0.00000
-0.72385,0.06002,0.00000
0.10327,0.32511,1.00000
-0.80579,0.53106,1.00000
-0.56824,-0.51204,0.00000
-0.18424,-0.59883,1.00000
-0.56487,-0.00784,1.00000
0.52088,-0.51203,1.00000
-0.17152,0.41583,1.00000
0.05659,0.91547,1.00000
-0.30461,-0.46630,1.00000
-0.22835,-0.04682,0.00000
-0.73898,0.55025,1.00000
-0.56436,-0.54048,0.00000
-0.32864,-0.49398,1.00000
-0.02277,-0.80643,0.00000
-0.23564,-0.61627,1.00000
0.99066,-0.15523,0.00000
0.05888,-0.79763,0.00000
0.14121,-0.46238,0.00000
-0.53914,0.42507,0.00000
0.31658,0.02914,1.00000
-0.44057,-0.66250,0.00000
-0.21949,-0.79097,0.00000
0.05674,0.42835,1.00000
-0.56671,-0.62344,0.00000
0.03995,0.60204,0.00000
0.40259,-0.58947,1.00000
-0.26193,-0.25829,0.00000
0.26955,-0.09395,1.00000
-0.11964,0.45786,1.00000
-0.70611,0.59704,1.00000
-0.29828,0.42021,1.00000
-0.32423,-0.45071,1.00000
-0.29912,0.08604,0.00000
0.20175,0.37649,1.00000
0.72733,-0.11836,1.00000
-0.31709,-0.46898,1.00000
0.52469,0.13421,0.00000
0.01168,0.24709,0.00000
-0.72754,0.51119,1.00000
0.38600,0.00610,1.00000
0.28471,-0.39366,0.00000
0.25641,-0.62817,1.00000
0.28679,-0.36451,0.00000
0.67522,-0.55634,0.00000
0.30831,-0.32727,0.00000
0.14255,0.36698,1.00000
0.77209,-0.00832,1.00000
0.03283,0.41807,1.00000
-0.15549,-0.38288,0.00000
0.47531,-0.13871,0.00000
-0.19229,0.42925,1.00000
-0.52682,0.43234,0.00000
0.24091,-0.82305,0.00000
-0.10746,-0.37037,0.00000
-0.84806,0.18844,1.00000
-0.70210,-0.05283,0.00000
0.70896,-0.15469,1.00000
0.20332,0.75530,1.00000
0.04967,-0.87210,0.00000
0.09100,-0.87662,0.00000
0.11571,0.85308,1.00000
0.13179,-0.17357,1.00000
0.52537,0.16161,0.00000
-0.34498,-0.15456,0.00000
0.52349,-0.77914,0.00000
0.29069,-0.55715,1.00000
-0.64850,0.23089,0.00000
0.00287,0.18860,0.00000
-0.31994,-0.72471,0.00000
-0.21304,0.87286,1.00000
-0.42285,0.72663,1.00000
0.03156,0.42501,1.00000
-0.30638,-0.74626,0.00000
0.13316,-0.41950,0.00000
0.23250,0.10335,1.00000
0.01985,0.76633,1.00000
-0.43807,0.80451,1.00000
0.20647,0.84415,1.00000
-0.65923,-0.35565,0.00000
0.60735,-0.69823,0.00000
-0.33306,-0.47221,1.00000
-0.17783,0.60627,0.00000
-0.49265,0.75507,1.00000
0.23985,-0.36734,0.00000
0.47735,-0.74791,0.00000
-0.27985,0.57163,0.00000
0.89994,-0.32782,0.00000
-0.39652,-0.73024,0.00000
0.43049,0.29236,0.00000
0.24027,-0.83616,0.00000
-0.76339,0.13105,0.00000
0.41246,-0.78089,0.00000
-0.38388,-0.40352,1.00000
0.51513,-0.71898,0.00000
-0.59649,0.73906,1.00000
-0.78188,0.42904,1.00000
0.49991,-0.54527,1.00000
0.89627,-0.26732,0.00000
0.49784,0.17840,0.00000
-0.17368,0.20082,0.00000
-0.53833,0.15470,1.00000
-0.58220,0.64547,1.00000
0.34447,-0.78390,0.00000
0.49917,0.00788,0.00000
-0.85002,0.31713,1.00000
-0.81471,0.49353,1.00000
-0.45453,-0.63002,0.00000
-0.17418,0.80917,1.00000
-0.11325,-0.09653,1.00000
0.28134,0.21824,1.00000
-0.48308,-0.05775,1.00000
-0.63953,0.65124,1.00000
0.34509,-0.83439,0.00000
0.66468,-0.61506,0.00000
0.85867,-0.27979,0.00000
0.61748,-0.37869,1.00000
0.57904,0.49012,1.00000
-0.21596,-0.54997,1.00000
0.39263,-0.79493,0.00000
-0.53986,0.11905,1.00000
-0.17731,0.42914,1.00000
-0.04468,0.17406,0.00000
-0.71386,-0.30548,0.00000
0.17354,0.80040,1.00000
0.61985,-0.31416,1.00000
-0.39103,0.52376,0.00000
0.06023,-0.85353,0.00000
-0.01877,-0.41907,0.00000
0.13031,0.38335,1.00000
-0.11716,0.41015,1.00000
-0.96913,0.21240,1.00000
0.15025,0.38808,1.00000
0.49907,0.33749,0.00000
-0.71791,-0.08193,0.00000
0.64755,0.28181,1.00000
0.77836,-0.49264,0.00000
-0.06207,-0.88343,0.00000
-0.52081,0.42084,0.00000
0.52303,0.01801,0.00000
-0.64340,0.30350,0.00000
0.34497,-0.58980,1.00000
-0.56850,0.43938,0.00000
-0.02538,-0.63010,1.00000
0.73309,-0.19651,1.00000
-0.06951,-0.21611,1.00000
-0.51101,0.42824,0.00000
0.55962,-0.47029,1.00000
0.32719,0.25260,1.00000
0.75962,-0.58440,0.00000
-0.70621,-0.31368,0.00000
0.02122,-0.40018,0.00000
-0.53943,0.03748,1.00000
0.09316,0.63963,0.00000
0.64762,0.53804,1.00000
-0.34013,-0.68557,0.00000
0.74207,0.16434,1.00000
-0.33586,0.34159,1.00000
0.89899,-0.13477,0.00000
-0.13296,-0.07665,1.00000
0.04200,0.80184,1.00000
0.42795,-0.74183,0.00000
0.24810,-0.64351,1.00000
-0.54763,0.01592,1.00000
0.69839,-0.09178,1.00000
-0.83136,0.40174,1.00000
-0.11811,0.82574,1.00000
0.73735,-0.56430,0.00000
0.41634,0.36717,0.00000
0.43056,-0.15179,0.00000
-0.03236,0.86900,1.00000
-0.04144,0.25363,0.00000
0.50708,0.30118,0.00000
0.60028,-0.31301,1.00000
-0.38570,-0.42331,1.00000
-0.70682,-0.24149,0.00000
-0.54594,0.70892,1.00000
-0.88866,0.23280,1.00000
0.07486,0.88038,1.00000
-0.16230,-0.63159,1.00000
0.57621,0.57865,1.00000
-0.79198,0.46476,1.00000
-0.51439,0.06137,1.00000
0.18461,-0.22966,1.00000
-0.62771,-0.50412,0.00000
-0.08696,0.89553,1.00000
0.15274,-0.69601,1.00000
0.20957,-0.82919,0.00000
0.10541,0.85936,1.00000
-0.64785,-0.52182,0.00000
0.32552,0.18060,1.00000
0.22458,-0.34761,0.00000
-0.25708,0.10320,0.00000
0.32873,0.73762,1.00000
-0.03927,-0.58587,1.00000
0.24875,0.27611,1.00000
0.21954,-0.85993,0.00000
-0.58568,-0.63267,0.00000
0.30895,-0.54785,1.00000
-0.71695,0.56906,1.00000
-0.50551,-0.12633,1.00000
-0.67755,0.13248,0.00000
0.54994,-0.41765,1.00000
0.08052,-0.61418,1.00000
0.03692,0.16769,0.00000
-0.98365,-0.01318,1.00000
-0.79590,-0.17596,0.00000
0.43051,-0.17589,0.00000
-0.83852,0.39360,1.00000
-0.75307,-0.04530,0.00000
0.23640,-0.33265,0.00000
-0.45239,-0.37715,1.00000
-0.72404,-0.19382,0.00000
-0.16194,-0.63383,1.00000
0.32791,-0.30867,0.00000
-0.51736,-0.56460,0.00000
0.30544,0.49176,0.00000
0.47183,0.68985,1.00000
-0.06306,-0.17920,1.00000
-0.10427,-0.60339,1.00000
-0.70749,-0.11234,0.00000
0.34995,0.53134,0.00000
0.55039,0.52234,1.00000
0.42874,0.31929,0.00000
0.60035,-0.68759,0.00000
0.57727,-0.42923,1.00000
-0.35036,-0.70050,0.00000
0.47998,0.08746,0.00000
-0.55290,0.35423,0.00000
0.55270,-0.75237,0.00000
0.69914,-0.01665,1.00000
0.23437,0.56487,0.00000
0.58378,0.56117,1.00000
0.53254,0.03433,0.00000
0.71107,-0.65415,0.00000
0.51519,-0.46700,1.00000
0.36791,-0.29284,0.00000
0.57241,-0.08666,0.00000
-0.42578,-0.39333,1.00000
0.69565,-0.27885,1.00000
-0.85783,0.34758,1.00000
0.51256,0.68655,1.00000
-0.07325,-0.60270,1.00000
-0.92516,0.08640,1.00000
-0.47386,0.11543,1.00000
-0.12574,-0.63597,1.00000
0.92570,-0.07886,0.00000
0.69645,0.38931,1.00000
-0.45498,-0.29957,1.00000
0.33527,0.76630,1.00000
0.22131,0.57427,0.00000
-0.96386,0.06633,1.00000
0.36404,-0.27188,0.00000
-0.88897,0.24282,1.00000
-0.89731,0.23231,1.00000
0.48251,0.37262,0.00000
-0.41239,0.56315,0.00000
-0.96099,0.12033,1.00000
0.71229,-0.56342,0.00000
0.95038,-0.29533,0.00000
0.01436,0.47697,1.00000
-0.21839,0.85477,1.00000
-0.45202,-0.57901,0.00000
-0.71427,0.56516,1.00000
-0.19044,0.60738,0.00000
-0.32674,0.77161,1.00000
-0.14761,-0.81180,0.00000
0.51285,0.56045,1.00000
-0.11561,0.84770,1.00000
0.46673,0.35343,0.00000
-0.46003,0.73935,1.00000
-0.48737,0.25144,1.00000
0.15108,0.78239,1.00000
-0.31594,0.61819,0.00000
-0.22355,0.63313,0.00000
-0.71663,-0.02582,0.00000
-0.77939,0.09120,0.00000
-0.12866,0.45086,1.00000
0.18827,0.52876,0.00000
-0.35861,-0.40988,1.00000
0.58627,-0.64036,0.00000
0.24000,-0.79783,0.00000
-0.32900,-0.04137,0.00000
0.08193,0.57550,0.00000
0.07917,0.15012,0.00000
-0.04955,0.85681,1.00000
0.17388,0.14574,0.00000
-0.50740,-0.55520,0.00000
0.69346,-0.47059,0.00000
-0.18897,0.80024,1.00000
-0.09577,-0.31238,0.00000
-0.36751,0.30434,1.00000
0.08870,-0.70273,1.00000
0.36966,-0.53116,1.00000
0.15090,-0.45266,0.00000
-0.89982,0.23543,1.00000
0.02602,-0.84001,0.00000
-0.55750,0.36408,0.00000
0.16362,-0.81498,0.00000
0.48106,-0.15645,0.00000
0.93159,-0.15400,0.00000
-0.63831,0.58650,1.00000
0.48922,0.19376,0.00000
0.70645,-0.25929,1.00000
-0.35078,0.85068,1.00000
-0.31263,0.06760,0.00000
-0.21682,0.64047,0.00000
-0.30064,0.09855,0.00000
-0.93640,0.18714,1.00000
0.64548,0.31394,1.00000
0.58376,0.50965,1.00000
-0.77013,0.43964,1.00000
0.46635,0.45437,0.00000
0.19478,0.54968,0.00000
-0.12027,-0.38523,0.00000
0.25370,-0.14326,1.00000
-0.11187,-0.57729,1.00000
0.09035,0.84451,1.00000
-0.47103,0.45158,0.00000
-0.41539,-0.72290,0.00000
-0.72568,0.09883,0.00000
-0.36763,-0.52322,1.00000
0.43524,0.66818,1.00000
0.41625,-0.30727,0.00000
-0.73399,-0.00024,0.00000
-0.95725,0.26770,1.00000
0.93779,-0.19987,0.00000
0.24249,-0.16962,1.00000
-0.41511,0.75842,1.00000
0.75324,-0.01079,1.00000
0.50161,-0.45505,1.00000
0.68852,-0.06366,1.00000
-0.25052,0.13253,0.00000
0.45878,-0.14799,0.00000
-0.16538,-0.55286,1.00000
0.76772,0.14615,1.00000
-0.49476,-0.61567,0.00000
0.29634,-0.80442,0.00000
-0.21986,-0.26448,0.00000
0.25117,0.28596,1.00000
0.13099,-0.15618,1.00000
0.56086,0.56514,1.00000
-0.90598,0.18387,1.00000
-0.26728,-0.81773,0.00000
-0.16986,-0.57071,1.00000
-0.44146,0.72536,1.00000
-0.21262,-0.59633,1.00000
-0.51017,-0.09314,1.00000
0.66289,0.24734,1.00000
0.18567,0.33327,1.00000
-0.31922,0.58499,0.00000
0.89095,-0.33707,0.00000
0.59530,-0.61118,0.00000
-0.63956,-0.48222,0.00000
-0.32377,0.61342,0.00000
0.53448,0.09852,0.00000
0.17780,0.54021,0.00000
0.50373,0.16537,0.00000
-0.88170,0.23058,1.00000
-0.68857,-0.44644,0.00000
-0.72952,0.02848,0.00000
0.10040,-0.84693,0.00000
-0.25325,-0.55219,1.00000
0.69026,-0.71570,0.00000
0.11911,0.41051,1.00000
-0.53079,-0.56375,0.00000
0.62354,-0.67101,0.00000
0.50540,-0.09110,0.00000
-0.30761,-0.77937,0.00000
0.26355,0.51041,0.00000
-0.35057,-0.19304,0.00000
-0.73861,0.54208,1.00000
-0.94160,0.09347,1.00000
0.19887,-0.34050,0.00000
0.15046,-0.63173,1.00000
0.82642,-0.35336,0.00000
0.46227,-0.79112,0.00000
-0.06778,-0.39755,0.00000
0.62546,0.61422,1.00000
0.41500,-0.50190,1.00000
-0.40260,0.31403,1.00000
0.38177,0.70909,1.00000
0.41109,-0.77103,0.00000
-0.86935,0.08761,1.00000
-0.26135,-0.78359,0.00000
-0.74214,-0.15601,0.00000
-0.17564,-0.30338,0.00000
-0.18395,0.81183,1.00000
